<?xml version="1.0" encoding="utf-8"?>
<geogebra format="5.0" version="5.0.477.0" app="classic" platform="offline"  xsi:noNamespaceSchemaLocation="http://www.geogebra.org/ggt.xsd" xmlns="" xmlns:xsi="http://www.w3.org/2001/XMLSchema-instance" >
<defaults>
<element type="conic3d" label="Intersection curve" default="3150">
	<show object="true" label="true"/>
	<objColor r="255" g="127" b="0" alpha="0.10000000149011612"/>
	<layer val="0"/>
	<autocolor val="false"/>
	<labelMode val="4"/>
	<animation step="1" speed="1" type="0" playing="false"/>
	<lineStyle thickness="5" type="0" typeHidden="1"/>
	<eigenvectors  x0="1" y0="0" z0="1.0" x1="0" y1="1" z1="1.0"/>
	<matrix A0="0" A1="0" A2="0" A3="0" A4="0" A5="0"/>
	<eqnStyle style="parametric"/>
</element>
<element type="axis3d" label="Axis3D" default="3103">
	<show object="true" label="true"/>
	<objColor r="0" g="0" b="0" alpha="0"/>
	<layer val="0"/>
	<autocolor val="false"/>
	<labelMode val="4"/>
	<animation step="1" speed="1" type="0" playing="false"/>
	<lineStyle thickness="5" type="0" typeHidden="1"/>
	<eqnStyle style="parametric" parameter="λ"/>
</element>
<element type="curvecartesian3d" label="Curve3D" default="3106">
	<show object="true" label="true"/>
	<objColor r="0" g="0" b="0" alpha="0"/>
	<layer val="0"/>
	<autocolor val="false"/>
	<labelMode val="4"/>
	<animation step="1" speed="1" type="0" playing="false"/>
	<lineStyle thickness="5" type="0" typeHidden="1"/>
</element>
<element type="plane3d" label="Plane3D" default="3200">
	<show object="true" label="true"/>
	<objColor r="99" g="219" b="219" alpha="0.5"/>
	<layer val="0"/>
	<autocolor val="false"/>
	<labelMode val="4"/>
	<coords x="0" y="0" z="0" w="0"/>
	<fading val="0.10000000149011612"/>
	<lineStyle thickness="0" type="0" typeHidden="1"/>
</element>
<element type="polyhedron" label="Polyhedron" default="3300">
	<lineStyle thickness="5" type="0" typeHidden="1"/>
	<show object="true" label="true"/>
	<objColor r="153" g="51" b="0" alpha="0.4000000059604645"/>
	<layer val="0"/>
	<autocolor val="false"/>
	<labelMode val="4"/>
	<animation step="1" speed="1" type="0" playing="false"/>
</element>
<element type="net" label="Net" default="3305">
	<lineStyle thickness="5" type="0" typeHidden="1"/>
	<show object="true" label="true"/>
	<objColor r="153" g="51" b="0" alpha="0.4000000059604645"/>
	<layer val="0"/>
	<autocolor val="false"/>
	<labelMode val="4"/>
	<animation step="1" speed="1" type="0" playing="false"/>
</element>
<element type="quadric" label="Quadric" default="3301">
	<show object="true" label="true"/>
	<objColor r="204" g="0" b="0" alpha="0.75"/>
	<layer val="0"/>
	<autocolor val="false"/>
	<labelMode val="4"/>
	<lineStyle thickness="5" type="0" typeHidden="1"/>
	<eigenvectors  x0="1" y0="0" z0="0" x1="0" y1="1" z1="0" x2="0" y2="0" z2="1"/>
	<matrix A0="0" A1="0" A2="0" A3="0" A4="0" A5="0" A6="0" A7="0" A8="0" A9="0"/>
	<eqnStyle style="implicit"/>
</element>
<element type="surfacecartesian3d" label="surface" default="3304">
	<show object="true" label="true"/>
	<objColor r="204" g="0" b="0" alpha="0.75"/>
	<layer val="0"/>
	<autocolor val="true"/>
	<labelMode val="4"/>
	<animation step="1" speed="1" type="0" playing="false"/>
	<lineStyle thickness="1" type="0" typeHidden="1"/>
</element>
</defaults>
</geogebra>